ALESSANDRIA	estrazione.php?tpel=E&dtel=25/05/2014&ord=5&tpa=I&lev0=0&levsut0=0&lev1=1&levsut1=1&ne1=1&lev2=1&levsut2=2&ne2=1&lev3=2&levsut3=3&ne3=2&tpest=s	estrazione.php?tpel=E&dtel=25/05/2014&ord=5&tpa=I&lev0=0&levsut0=0&lev1=1&levsut1=1&ne1=1&lev2=1&levsut2=2&ne2=1&lev3=2&levsut3=3&ne3=2&tpest=l
ASTI	estrazione.php?tpel=E&dtel=25/05/2014&ord=5&tpa=I&lev0=0&levsut0=0&lev1=1&levsut1=1&ne1=1&lev2=1&levsut2=2&ne2=1&lev3=7&levsut3=3&ne3=7&tpest=s	estrazione.php?tpel=E&dtel=25/05/2014&ord=5&tpa=I&lev0=0&levsut0=0&lev1=1&levsut1=1&ne1=1&lev2=1&levsut2=2&ne2=1&lev3=7&levsut3=3&ne3=7&tpest=l
CUNEO	estrazione.php?tpel=E&dtel=25/05/2014&ord=5&tpa=I&lev0=0&levsut0=0&lev1=1&levsut1=1&ne1=1&lev2=1&levsut2=2&ne2=1&lev3=27&levsut3=3&ne3=27&tpest=s	estrazione.php?tpel=E&dtel=25/05/2014&ord=5&tpa=I&lev0=0&levsut0=0&lev1=1&levsut1=1&ne1=1&lev2=1&levsut2=2&ne2=1&lev3=27&levsut3=3&ne3=27&tpest=l
NOVARA	estrazione.php?tpel=E&dtel=25/05/2014&ord=5&tpa=I&lev0=0&levsut0=0&lev1=1&levsut1=1&ne1=1&lev2=1&levsut2=2&ne2=1&lev3=52&levsut3=3&ne3=52&tpest=s	estrazione.php?tpel=E&dtel=25/05/2014&ord=5&tpa=I&lev0=0&levsut0=0&lev1=1&levsut1=1&ne1=1&lev2=1&levsut2=2&ne2=1&lev3=52&levsut3=3&ne3=52&tpest=l
TORINO	estrazione.php?tpel=E&dtel=25/05/2014&ord=5&tpa=I&lev0=0&levsut0=0&lev1=1&levsut1=1&ne1=1&lev2=1&levsut2=2&ne2=1&lev3=81&levsut3=3&ne3=81&tpest=s	estrazione.php?tpel=E&dtel=25/05/2014&ord=5&tpa=I&lev0=0&levsut0=0&lev1=1&levsut1=1&ne1=1&lev2=1&levsut2=2&ne2=1&lev3=81&levsut3=3&ne3=81&tpest=l
VERCELLI	estrazione.php?tpel=E&dtel=25/05/2014&ord=5&tpa=I&lev0=0&levsut0=0&lev1=1&levsut1=1&ne1=1&lev2=1&levsut2=2&ne2=1&lev3=88&levsut3=3&ne3=88&tpest=s	estrazione.php?tpel=E&dtel=25/05/2014&ord=5&tpa=I&lev0=0&levsut0=0&lev1=1&levsut1=1&ne1=1&lev2=1&levsut2=2&ne2=1&lev3=88&levsut3=3&ne3=88&tpest=l
BIELLA	estrazione.php?tpel=E&dtel=25/05/2014&ord=5&tpa=I&lev0=0&levsut0=0&lev1=1&levsut1=1&ne1=1&lev2=1&levsut2=2&ne2=1&lev3=96&levsut3=3&ne3=96&tpest=s	estrazione.php?tpel=E&dtel=25/05/2014&ord=5&tpa=I&lev0=0&levsut0=0&lev1=1&levsut1=1&ne1=1&lev2=1&levsut2=2&ne2=1&lev3=96&levsut3=3&ne3=96&tpest=l
VERBANO-CUSIO-OSSOLA	estrazione.php?tpel=E&dtel=25/05/2014&ord=5&tpa=I&lev0=0&levsut0=0&lev1=1&levsut1=1&ne1=1&lev2=1&levsut2=2&ne2=1&lev3=102&levsut3=3&ne3=102&tpest=s	estrazione.php?tpel=E&dtel=25/05/2014&ord=5&tpa=I&lev0=0&levsut0=0&lev1=1&levsut1=1&ne1=1&lev2=1&levsut2=2&ne2=1&lev3=102&levsut3=3&ne3=102&tpest=l
BERGAMO	estrazione.php?tpel=E&dtel=25/05/2014&ord=5&tpa=I&lev0=0&levsut0=0&lev1=1&levsut1=1&ne1=1&lev2=3&levsut2=2&ne2=3&lev3=12&levsut3=3&ne3=12&tpest=s	estrazione.php?tpel=E&dtel=25/05/2014&ord=5&tpa=I&lev0=0&levsut0=0&lev1=1&levsut1=1&ne1=1&lev2=3&levsut2=2&ne2=3&lev3=12&levsut3=3&ne3=12&tpest=l
BRESCIA	estrazione.php?tpel=E&dtel=25/05/2014&ord=5&tpa=I&lev0=0&levsut0=0&lev1=1&levsut1=1&ne1=1&lev2=3&levsut2=2&ne2=3&lev3=15&levsut3=3&ne3=15&tpest=s	estrazione.php?tpel=E&dtel=25/05/2014&ord=5&tpa=I&lev0=0&levsut0=0&lev1=1&levsut1=1&ne1=1&lev2=3&levsut2=2&ne2=3&lev3=15&levsut3=3&ne3=15&tpest=l
COMO	estrazione.php?tpel=E&dtel=25/05/2014&ord=5&tpa=I&lev0=0&levsut0=0&lev1=1&levsut1=1&ne1=1&lev2=3&levsut2=2&ne2=3&lev3=24&levsut3=3&ne3=24&tpest=s	estrazione.php?tpel=E&dtel=25/05/2014&ord=5&tpa=I&lev0=0&levsut0=0&lev1=1&levsut1=1&ne1=1&lev2=3&levsut2=2&ne2=3&lev3=24&levsut3=3&ne3=24&tpest=l
CREMONA	estrazione.php?tpel=E&dtel=25/05/2014&ord=5&tpa=I&lev0=0&levsut0=0&lev1=1&levsut1=1&ne1=1&lev2=3&levsut2=2&ne2=3&lev3=26&levsut3=3&ne3=26&tpest=s	estrazione.php?tpel=E&dtel=25/05/2014&ord=5&tpa=I&lev0=0&levsut0=0&lev1=1&levsut1=1&ne1=1&lev2=3&levsut2=2&ne2=3&lev3=26&levsut3=3&ne3=26&tpest=l
MANTOVA	estrazione.php?tpel=E&dtel=25/05/2014&ord=5&tpa=I&lev0=0&levsut0=0&lev1=1&levsut1=1&ne1=1&lev2=3&levsut2=2&ne2=3&lev3=45&levsut3=3&ne3=45&tpest=s	estrazione.php?tpel=E&dtel=25/05/2014&ord=5&tpa=I&lev0=0&levsut0=0&lev1=1&levsut1=1&ne1=1&lev2=3&levsut2=2&ne2=3&lev3=45&levsut3=3&ne3=45&tpest=l
MILANO	estrazione.php?tpel=E&dtel=25/05/2014&ord=5&tpa=I&lev0=0&levsut0=0&lev1=1&levsut1=1&ne1=1&lev2=3&levsut2=2&ne2=3&lev3=49&levsut3=3&ne3=49&tpest=s	estrazione.php?tpel=E&dtel=25/05/2014&ord=5&tpa=I&lev0=0&levsut0=0&lev1=1&levsut1=1&ne1=1&lev2=3&levsut2=2&ne2=3&lev3=49&levsut3=3&ne3=49&tpest=l
PAVIA	estrazione.php?tpel=E&dtel=25/05/2014&ord=5&tpa=I&lev0=0&levsut0=0&lev1=1&levsut1=1&ne1=1&lev2=3&levsut2=2&ne2=3&lev3=57&levsut3=3&ne3=57&tpest=s	estrazione.php?tpel=E&dtel=25/05/2014&ord=5&tpa=I&lev0=0&levsut0=0&lev1=1&levsut1=1&ne1=1&lev2=3&levsut2=2&ne2=3&lev3=57&levsut3=3&ne3=57&tpest=l
SONDRIO	estrazione.php?tpel=E&dtel=25/05/2014&ord=5&tpa=I&lev0=0&levsut0=0&lev1=1&levsut1=1&ne1=1&lev2=3&levsut2=2&ne2=3&lev3=77&levsut3=3&ne3=77&tpest=s	estrazione.php?tpel=E&dtel=25/05/2014&ord=5&tpa=I&lev0=0&levsut0=0&lev1=1&levsut1=1&ne1=1&lev2=3&levsut2=2&ne2=3&lev3=77&levsut3=3&ne3=77&tpest=l
VARESE	estrazione.php?tpel=E&dtel=25/05/2014&ord=5&tpa=I&lev0=0&levsut0=0&lev1=1&levsut1=1&ne1=1&lev2=3&levsut2=2&ne2=3&lev3=86&levsut3=3&ne3=86&tpest=s	estrazione.php?tpel=E&dtel=25/05/2014&ord=5&tpa=I&lev0=0&levsut0=0&lev1=1&levsut1=1&ne1=1&lev2=3&levsut2=2&ne2=3&lev3=86&levsut3=3&ne3=86&tpest=l
LECCO	estrazione.php?tpel=E&dtel=25/05/2014&ord=5&tpa=I&lev0=0&levsut0=0&lev1=1&levsut1=1&ne1=1&lev2=3&levsut2=2&ne2=3&lev3=98&levsut3=3&ne3=98&tpest=s	estrazione.php?tpel=E&dtel=25/05/2014&ord=5&tpa=I&lev0=0&levsut0=0&lev1=1&levsut1=1&ne1=1&lev2=3&levsut2=2&ne2=3&lev3=98&levsut3=3&ne3=98&tpest=l
LODI	estrazione.php?tpel=E&dtel=25/05/2014&ord=5&tpa=I&lev0=0&levsut0=0&lev1=1&levsut1=1&ne1=1&lev2=3&levsut2=2&ne2=3&lev3=99&levsut3=3&ne3=99&tpest=s	estrazione.php?tpel=E&dtel=25/05/2014&ord=5&tpa=I&lev0=0&levsut0=0&lev1=1&levsut1=1&ne1=1&lev2=3&levsut2=2&ne2=3&lev3=99&levsut3=3&ne3=99&tpest=l
MONZA E DELLA BRIANZA	estrazione.php?tpel=E&dtel=25/05/2014&ord=5&tpa=I&lev0=0&levsut0=0&lev1=1&levsut1=1&ne1=1&lev2=3&levsut2=2&ne2=3&lev3=104&levsut3=3&ne3=104&tpest=s	estrazione.php?tpel=E&dtel=25/05/2014&ord=5&tpa=I&lev0=0&levsut0=0&lev1=1&levsut1=1&ne1=1&lev2=3&levsut2=2&ne2=3&lev3=104&levsut3=3&ne3=104&tpest=l
GENOVA	estrazione.php?tpel=E&dtel=25/05/2014&ord=5&tpa=I&lev0=0&levsut0=0&lev1=1&levsut1=1&ne1=1&lev2=7&levsut2=2&ne2=7&lev3=34&levsut3=3&ne3=34&tpest=s	estrazione.php?tpel=E&dtel=25/05/2014&ord=5&tpa=I&lev0=0&levsut0=0&lev1=1&levsut1=1&ne1=1&lev2=7&levsut2=2&ne2=7&lev3=34&levsut3=3&ne3=34&tpest=l
IMPERIA	estrazione.php?tpel=E&dtel=25/05/2014&ord=5&tpa=I&lev0=0&levsut0=0&lev1=1&levsut1=1&ne1=1&lev2=7&levsut2=2&ne2=7&lev3=37&levsut3=3&ne3=37&tpest=s	estrazione.php?tpel=E&dtel=25/05/2014&ord=5&tpa=I&lev0=0&levsut0=0&lev1=1&levsut1=1&ne1=1&lev2=7&levsut2=2&ne2=7&lev3=37&levsut3=3&ne3=37&tpest=l
LA SPEZIA	estrazione.php?tpel=E&dtel=25/05/2014&ord=5&tpa=I&lev0=0&levsut0=0&lev1=1&levsut1=1&ne1=1&lev2=7&levsut2=2&ne2=7&lev3=39&levsut3=3&ne3=39&tpest=s	estrazione.php?tpel=E&dtel=25/05/2014&ord=5&tpa=I&lev0=0&levsut0=0&lev1=1&levsut1=1&ne1=1&lev2=7&levsut2=2&ne2=7&lev3=39&levsut3=3&ne3=39&tpest=l
SAVONA	estrazione.php?tpel=E&dtel=25/05/2014&ord=5&tpa=I&lev0=0&levsut0=0&lev1=1&levsut1=1&ne1=1&lev2=7&levsut2=2&ne2=7&lev3=74&levsut3=3&ne3=74&tpest=s	estrazione.php?tpel=E&dtel=25/05/2014&ord=5&tpa=I&lev0=0&levsut0=0&lev1=1&levsut1=1&ne1=1&lev2=7&levsut2=2&ne2=7&lev3=74&levsut3=3&ne3=74&tpest=l
BOLZANO	estrazione.php?tpel=E&dtel=25/05/2014&ord=5&tpa=I&lev0=0&levsut0=0&lev1=2&levsut1=1&ne1=2&lev2=4&levsut2=2&ne2=4&lev3=14&levsut3=3&ne3=14&tpest=s	estrazione.php?tpel=E&dtel=25/05/2014&ord=5&tpa=I&lev0=0&levsut0=0&lev1=2&levsut1=1&ne1=2&lev2=4&levsut2=2&ne2=4&lev3=14&levsut3=3&ne3=14&tpest=l
TRENTO	estrazione.php?tpel=E&dtel=25/05/2014&ord=5&tpa=I&lev0=0&levsut0=0&lev1=2&levsut1=1&ne1=2&lev2=4&levsut2=2&ne2=4&lev3=83&levsut3=3&ne3=83&tpest=s	estrazione.php?tpel=E&dtel=25/05/2014&ord=5&tpa=I&lev0=0&levsut0=0&lev1=2&levsut1=1&ne1=2&lev2=4&levsut2=2&ne2=4&lev3=83&levsut3=3&ne3=83&tpest=l
BELLUNO	estrazione.php?tpel=E&dtel=25/05/2014&ord=5&tpa=I&lev0=0&levsut0=0&lev1=2&levsut1=1&ne1=2&lev2=5&levsut2=2&ne2=5&lev3=10&levsut3=3&ne3=10&tpest=s	estrazione.php?tpel=E&dtel=25/05/2014&ord=5&tpa=I&lev0=0&levsut0=0&lev1=2&levsut1=1&ne1=2&lev2=5&levsut2=2&ne2=5&lev3=10&levsut3=3&ne3=10&tpest=l
PADOVA	estrazione.php?tpel=E&dtel=25/05/2014&ord=5&tpa=I&lev0=0&levsut0=0&lev1=2&levsut1=1&ne1=2&lev2=5&levsut2=2&ne2=5&lev3=54&levsut3=3&ne3=54&tpest=s	estrazione.php?tpel=E&dtel=25/05/2014&ord=5&tpa=I&lev0=0&levsut0=0&lev1=2&levsut1=1&ne1=2&lev2=5&levsut2=2&ne2=5&lev3=54&levsut3=3&ne3=54&tpest=l
ROVIGO	estrazione.php?tpel=E&dtel=25/05/2014&ord=5&tpa=I&lev0=0&levsut0=0&lev1=2&levsut1=1&ne1=2&lev2=5&levsut2=2&ne2=5&lev3=71&levsut3=3&ne3=71&tpest=s	estrazione.php?tpel=E&dtel=25/05/2014&ord=5&tpa=I&lev0=0&levsut0=0&lev1=2&levsut1=1&ne1=2&lev2=5&levsut2=2&ne2=5&lev3=71&levsut3=3&ne3=71&tpest=l
TREVISO	estrazione.php?tpel=E&dtel=25/05/2014&ord=5&tpa=I&lev0=0&levsut0=0&lev1=2&levsut1=1&ne1=2&lev2=5&levsut2=2&ne2=5&lev3=84&levsut3=3&ne3=84&tpest=s	estrazione.php?tpel=E&dtel=25/05/2014&ord=5&tpa=I&lev0=0&levsut0=0&lev1=2&levsut1=1&ne1=2&lev2=5&levsut2=2&ne2=5&lev3=84&levsut3=3&ne3=84&tpest=l
VENEZIA	estrazione.php?tpel=E&dtel=25/05/2014&ord=5&tpa=I&lev0=0&levsut0=0&lev1=2&levsut1=1&ne1=2&lev2=5&levsut2=2&ne2=5&lev3=87&levsut3=3&ne3=87&tpest=s	estrazione.php?tpel=E&dtel=25/05/2014&ord=5&tpa=I&lev0=0&levsut0=0&lev1=2&levsut1=1&ne1=2&lev2=5&levsut2=2&ne2=5&lev3=87&levsut3=3&ne3=87&tpest=l
VERONA	estrazione.php?tpel=E&dtel=25/05/2014&ord=5&tpa=I&lev0=0&levsut0=0&lev1=2&levsut1=1&ne1=2&lev2=5&levsut2=2&ne2=5&lev3=89&levsut3=3&ne3=89&tpest=s	estrazione.php?tpel=E&dtel=25/05/2014&ord=5&tpa=I&lev0=0&levsut0=0&lev1=2&levsut1=1&ne1=2&lev2=5&levsut2=2&ne2=5&lev3=89&levsut3=3&ne3=89&tpest=l
VICENZA	estrazione.php?tpel=E&dtel=25/05/2014&ord=5&tpa=I&lev0=0&levsut0=0&lev1=2&levsut1=1&ne1=2&lev2=5&levsut2=2&ne2=5&lev3=90&levsut3=3&ne3=90&tpest=s	estrazione.php?tpel=E&dtel=25/05/2014&ord=5&tpa=I&lev0=0&levsut0=0&lev1=2&levsut1=1&ne1=2&lev2=5&levsut2=2&ne2=5&lev3=90&levsut3=3&ne3=90&tpest=l
GORIZIA	estrazione.php?tpel=E&dtel=25/05/2014&ord=5&tpa=I&lev0=0&levsut0=0&lev1=2&levsut1=1&ne1=2&lev2=6&levsut2=2&ne2=6&lev3=35&levsut3=3&ne3=35&tpest=s	estrazione.php?tpel=E&dtel=25/05/2014&ord=5&tpa=I&lev0=0&levsut0=0&lev1=2&levsut1=1&ne1=2&lev2=6&levsut2=2&ne2=6&lev3=35&levsut3=3&ne3=35&tpest=l
UDINE	estrazione.php?tpel=E&dtel=25/05/2014&ord=5&tpa=I&lev0=0&levsut0=0&lev1=2&levsut1=1&ne1=2&lev2=6&levsut2=2&ne2=6&lev3=85&levsut3=3&ne3=85&tpest=s	estrazione.php?tpel=E&dtel=25/05/2014&ord=5&tpa=I&lev0=0&levsut0=0&lev1=2&levsut1=1&ne1=2&lev2=6&levsut2=2&ne2=6&lev3=85&levsut3=3&ne3=85&tpest=l
TRIESTE	estrazione.php?tpel=E&dtel=25/05/2014&ord=5&tpa=I&lev0=0&levsut0=0&lev1=2&levsut1=1&ne1=2&lev2=6&levsut2=2&ne2=6&lev3=92&levsut3=3&ne3=92&tpest=s	estrazione.php?tpel=E&dtel=25/05/2014&ord=5&tpa=I&lev0=0&levsut0=0&lev1=2&levsut1=1&ne1=2&lev2=6&levsut2=2&ne2=6&lev3=92&levsut3=3&ne3=92&tpest=l
PORDENONE	estrazione.php?tpel=E&dtel=25/05/2014&ord=5&tpa=I&lev0=0&levsut0=0&lev1=2&levsut1=1&ne1=2&lev2=6&levsut2=2&ne2=6&lev3=93&levsut3=3&ne3=93&tpest=s	estrazione.php?tpel=E&dtel=25/05/2014&ord=5&tpa=I&lev0=0&levsut0=0&lev1=2&levsut1=1&ne1=2&lev2=6&levsut2=2&ne2=6&lev3=93&levsut3=3&ne3=93&tpest=l
BOLOGNA	estrazione.php?tpel=E&dtel=25/05/2014&ord=5&tpa=I&lev0=0&levsut0=0&lev1=2&levsut1=1&ne1=2&lev2=8&levsut2=2&ne2=8&lev3=13&levsut3=3&ne3=13&tpest=s	estrazione.php?tpel=E&dtel=25/05/2014&ord=5&tpa=I&lev0=0&levsut0=0&lev1=2&levsut1=1&ne1=2&lev2=8&levsut2=2&ne2=8&lev3=13&levsut3=3&ne3=13&tpest=l
FERRARA	estrazione.php?tpel=E&dtel=25/05/2014&ord=5&tpa=I&lev0=0&levsut0=0&lev1=2&levsut1=1&ne1=2&lev2=8&levsut2=2&ne2=8&lev3=29&levsut3=3&ne3=29&tpest=s	estrazione.php?tpel=E&dtel=25/05/2014&ord=5&tpa=I&lev0=0&levsut0=0&lev1=2&levsut1=1&ne1=2&lev2=8&levsut2=2&ne2=8&lev3=29&levsut3=3&ne3=29&tpest=l
FORLI'-CESENA	estrazione.php?tpel=E&dtel=25/05/2014&ord=5&tpa=I&lev0=0&levsut0=0&lev1=2&levsut1=1&ne1=2&lev2=8&levsut2=2&ne2=8&lev3=32&levsut3=3&ne3=32&tpest=s	estrazione.php?tpel=E&dtel=25/05/2014&ord=5&tpa=I&lev0=0&levsut0=0&lev1=2&levsut1=1&ne1=2&lev2=8&levsut2=2&ne2=8&lev3=32&levsut3=3&ne3=32&tpest=l
MODENA	estrazione.php?tpel=E&dtel=25/05/2014&ord=5&tpa=I&lev0=0&levsut0=0&lev1=2&levsut1=1&ne1=2&lev2=8&levsut2=2&ne2=8&lev3=50&levsut3=3&ne3=50&tpest=s	estrazione.php?tpel=E&dtel=25/05/2014&ord=5&tpa=I&lev0=0&levsut0=0&lev1=2&levsut1=1&ne1=2&lev2=8&levsut2=2&ne2=8&lev3=50&levsut3=3&ne3=50&tpest=l
PARMA	estrazione.php?tpel=E&dtel=25/05/2014&ord=5&tpa=I&lev0=0&levsut0=0&lev1=2&levsut1=1&ne1=2&lev2=8&levsut2=2&ne2=8&lev3=56&levsut3=3&ne3=56&tpest=s	estrazione.php?tpel=E&dtel=25/05/2014&ord=5&tpa=I&lev0=0&levsut0=0&lev1=2&levsut1=1&ne1=2&lev2=8&levsut2=2&ne2=8&lev3=56&levsut3=3&ne3=56&tpest=l
PIACENZA	estrazione.php?tpel=E&dtel=25/05/2014&ord=5&tpa=I&lev0=0&levsut0=0&lev1=2&levsut1=1&ne1=2&lev2=8&levsut2=2&ne2=8&lev3=61&levsut3=3&ne3=61&tpest=s	estrazione.php?tpel=E&dtel=25/05/2014&ord=5&tpa=I&lev0=0&levsut0=0&lev1=2&levsut1=1&ne1=2&lev2=8&levsut2=2&ne2=8&lev3=61&levsut3=3&ne3=61&tpest=l
RAVENNA	estrazione.php?tpel=E&dtel=25/05/2014&ord=5&tpa=I&lev0=0&levsut0=0&lev1=2&levsut1=1&ne1=2&lev2=8&levsut2=2&ne2=8&lev3=66&levsut3=3&ne3=66&tpest=s	estrazione.php?tpel=E&dtel=25/05/2014&ord=5&tpa=I&lev0=0&levsut0=0&lev1=2&levsut1=1&ne1=2&lev2=8&levsut2=2&ne2=8&lev3=66&levsut3=3&ne3=66&tpest=l
REGGIO NELL'EMILIA	estrazione.php?tpel=E&dtel=25/05/2014&ord=5&tpa=I&lev0=0&levsut0=0&lev1=2&levsut1=1&ne1=2&lev2=8&levsut2=2&ne2=8&lev3=68&levsut3=3&ne3=68&tpest=s	estrazione.php?tpel=E&dtel=25/05/2014&ord=5&tpa=I&lev0=0&levsut0=0&lev1=2&levsut1=1&ne1=2&lev2=8&levsut2=2&ne2=8&lev3=68&levsut3=3&ne3=68&tpest=l
RIMINI	estrazione.php?tpel=E&dtel=25/05/2014&ord=5&tpa=I&lev0=0&levsut0=0&lev1=2&levsut1=1&ne1=2&lev2=8&levsut2=2&ne2=8&lev3=101&levsut3=3&ne3=101&tpest=s	estrazione.php?tpel=E&dtel=25/05/2014&ord=5&tpa=I&lev0=0&levsut0=0&lev1=2&levsut1=1&ne1=2&lev2=8&levsut2=2&ne2=8&lev3=101&levsut3=3&ne3=101&tpest=l
AREZZO	estrazione.php?tpel=E&dtel=25/05/2014&ord=5&tpa=I&lev0=0&levsut0=0&lev1=3&levsut1=1&ne1=3&lev2=9&levsut2=2&ne2=9&lev3=5&levsut3=3&ne3=5&tpest=s	estrazione.php?tpel=E&dtel=25/05/2014&ord=5&tpa=I&lev0=0&levsut0=0&lev1=3&levsut1=1&ne1=3&lev2=9&levsut2=2&ne2=9&lev3=5&levsut3=3&ne3=5&tpest=l
FIRENZE	estrazione.php?tpel=E&dtel=25/05/2014&ord=5&tpa=I&lev0=0&levsut0=0&lev1=3&levsut1=1&ne1=3&lev2=9&levsut2=2&ne2=9&lev3=30&levsut3=3&ne3=30&tpest=s	estrazione.php?tpel=E&dtel=25/05/2014&ord=5&tpa=I&lev0=0&levsut0=0&lev1=3&levsut1=1&ne1=3&lev2=9&levsut2=2&ne2=9&lev3=30&levsut3=3&ne3=30&tpest=l
GROSSETO	estrazione.php?tpel=E&dtel=25/05/2014&ord=5&tpa=I&lev0=0&levsut0=0&lev1=3&levsut1=1&ne1=3&lev2=9&levsut2=2&ne2=9&lev3=36&levsut3=3&ne3=36&tpest=s	estrazione.php?tpel=E&dtel=25/05/2014&ord=5&tpa=I&lev0=0&levsut0=0&lev1=3&levsut1=1&ne1=3&lev2=9&levsut2=2&ne2=9&lev3=36&levsut3=3&ne3=36&tpest=l
LIVORNO	estrazione.php?tpel=E&dtel=25/05/2014&ord=5&tpa=I&lev0=0&levsut0=0&lev1=3&levsut1=1&ne1=3&lev2=9&levsut2=2&ne2=9&lev3=42&levsut3=3&ne3=42&tpest=s	estrazione.php?tpel=E&dtel=25/05/2014&ord=5&tpa=I&lev0=0&levsut0=0&lev1=3&levsut1=1&ne1=3&lev2=9&levsut2=2&ne2=9&lev3=42&levsut3=3&ne3=42&tpest=l
LUCCA	estrazione.php?tpel=E&dtel=25/05/2014&ord=5&tpa=I&lev0=0&levsut0=0&lev1=3&levsut1=1&ne1=3&lev2=9&levsut2=2&ne2=9&lev3=43&levsut3=3&ne3=43&tpest=s	estrazione.php?tpel=E&dtel=25/05/2014&ord=5&tpa=I&lev0=0&levsut0=0&lev1=3&levsut1=1&ne1=3&lev2=9&levsut2=2&ne2=9&lev3=43&levsut3=3&ne3=43&tpest=l
MASSA-CARRARA	estrazione.php?tpel=E&dtel=25/05/2014&ord=5&tpa=I&lev0=0&levsut0=0&lev1=3&levsut1=1&ne1=3&lev2=9&levsut2=2&ne2=9&lev3=46&levsut3=3&ne3=46&tpest=s	estrazione.php?tpel=E&dtel=25/05/2014&ord=5&tpa=I&lev0=0&levsut0=0&lev1=3&levsut1=1&ne1=3&lev2=9&levsut2=2&ne2=9&lev3=46&levsut3=3&ne3=46&tpest=l
PISA	estrazione.php?tpel=E&dtel=25/05/2014&ord=5&tpa=I&lev0=0&levsut0=0&lev1=3&levsut1=1&ne1=3&lev2=9&levsut2=2&ne2=9&lev3=62&levsut3=3&ne3=62&tpest=s	estrazione.php?tpel=E&dtel=25/05/2014&ord=5&tpa=I&lev0=0&levsut0=0&lev1=3&levsut1=1&ne1=3&lev2=9&levsut2=2&ne2=9&lev3=62&levsut3=3&ne3=62&tpest=l
PISTOIA	estrazione.php?tpel=E&dtel=25/05/2014&ord=5&tpa=I&lev0=0&levsut0=0&lev1=3&levsut1=1&ne1=3&lev2=9&levsut2=2&ne2=9&lev3=63&levsut3=3&ne3=63&tpest=s	estrazione.php?tpel=E&dtel=25/05/2014&ord=5&tpa=I&lev0=0&levsut0=0&lev1=3&levsut1=1&ne1=3&lev2=9&levsut2=2&ne2=9&lev3=63&levsut3=3&ne3=63&tpest=l
SIENA	estrazione.php?tpel=E&dtel=25/05/2014&ord=5&tpa=I&lev0=0&levsut0=0&lev1=3&levsut1=1&ne1=3&lev2=9&levsut2=2&ne2=9&lev3=75&levsut3=3&ne3=75&tpest=s	estrazione.php?tpel=E&dtel=25/05/2014&ord=5&tpa=I&lev0=0&levsut0=0&lev1=3&levsut1=1&ne1=3&lev2=9&levsut2=2&ne2=9&lev3=75&levsut3=3&ne3=75&tpest=l
PRATO	estrazione.php?tpel=E&dtel=25/05/2014&ord=5&tpa=I&lev0=0&levsut0=0&lev1=3&levsut1=1&ne1=3&lev2=9&levsut2=2&ne2=9&lev3=100&levsut3=3&ne3=100&tpest=s	estrazione.php?tpel=E&dtel=25/05/2014&ord=5&tpa=I&lev0=0&levsut0=0&lev1=3&levsut1=1&ne1=3&lev2=9&levsut2=2&ne2=9&lev3=100&levsut3=3&ne3=100&tpest=l
PERUGIA	estrazione.php?tpel=E&dtel=25/05/2014&ord=5&tpa=I&lev0=0&levsut0=0&lev1=3&levsut1=1&ne1=3&lev2=10&levsut2=2&ne2=10&lev3=58&levsut3=3&ne3=58&tpest=s	estrazione.php?tpel=E&dtel=25/05/2014&ord=5&tpa=I&lev0=0&levsut0=0&lev1=3&levsut1=1&ne1=3&lev2=10&levsut2=2&ne2=10&lev3=58&levsut3=3&ne3=58&tpest=l
TERNI	estrazione.php?tpel=E&dtel=25/05/2014&ord=5&tpa=I&lev0=0&levsut0=0&lev1=3&levsut1=1&ne1=3&lev2=10&levsut2=2&ne2=10&lev3=80&levsut3=3&ne3=80&tpest=s	estrazione.php?tpel=E&dtel=25/05/2014&ord=5&tpa=I&lev0=0&levsut0=0&lev1=3&levsut1=1&ne1=3&lev2=10&levsut2=2&ne2=10&lev3=80&levsut3=3&ne3=80&tpest=l
ANCONA	estrazione.php?tpel=E&dtel=25/05/2014&ord=5&tpa=I&lev0=0&levsut0=0&lev1=3&levsut1=1&ne1=3&lev2=11&levsut2=2&ne2=11&lev3=3&levsut3=3&ne3=3&tpest=s	estrazione.php?tpel=E&dtel=25/05/2014&ord=5&tpa=I&lev0=0&levsut0=0&lev1=3&levsut1=1&ne1=3&lev2=11&levsut2=2&ne2=11&lev3=3&levsut3=3&ne3=3&tpest=l
ASCOLI PICENO	estrazione.php?tpel=E&dtel=25/05/2014&ord=5&tpa=I&lev0=0&levsut0=0&lev1=3&levsut1=1&ne1=3&lev2=11&levsut2=2&ne2=11&lev3=6&levsut3=3&ne3=6&tpest=s	estrazione.php?tpel=E&dtel=25/05/2014&ord=5&tpa=I&lev0=0&levsut0=0&lev1=3&levsut1=1&ne1=3&lev2=11&levsut2=2&ne2=11&lev3=6&levsut3=3&ne3=6&tpest=l
MACERATA	estrazione.php?tpel=E&dtel=25/05/2014&ord=5&tpa=I&lev0=0&levsut0=0&lev1=3&levsut1=1&ne1=3&lev2=11&levsut2=2&ne2=11&lev3=44&levsut3=3&ne3=44&tpest=s	estrazione.php?tpel=E&dtel=25/05/2014&ord=5&tpa=I&lev0=0&levsut0=0&lev1=3&levsut1=1&ne1=3&lev2=11&levsut2=2&ne2=11&lev3=44&levsut3=3&ne3=44&tpest=l
PESARO E URBINO	estrazione.php?tpel=E&dtel=25/05/2014&ord=5&tpa=I&lev0=0&levsut0=0&lev1=3&levsut1=1&ne1=3&lev2=11&levsut2=2&ne2=11&lev3=59&levsut3=3&ne3=59&tpest=s	estrazione.php?tpel=E&dtel=25/05/2014&ord=5&tpa=I&lev0=0&levsut0=0&lev1=3&levsut1=1&ne1=3&lev2=11&levsut2=2&ne2=11&lev3=59&levsut3=3&ne3=59&tpest=l
FERMO	estrazione.php?tpel=E&dtel=25/05/2014&ord=5&tpa=I&lev0=0&levsut0=0&lev1=3&levsut1=1&ne1=3&lev2=11&levsut2=2&ne2=11&lev3=105&levsut3=3&ne3=105&tpest=s	estrazione.php?tpel=E&dtel=25/05/2014&ord=5&tpa=I&lev0=0&levsut0=0&lev1=3&levsut1=1&ne1=3&lev2=11&levsut2=2&ne2=11&lev3=105&levsut3=3&ne3=105&tpest=l
FROSINONE	estrazione.php?tpel=E&dtel=25/05/2014&ord=5&tpa=I&lev0=0&levsut0=0&lev1=3&levsut1=1&ne1=3&lev2=12&levsut2=2&ne2=12&lev3=33&levsut3=3&ne3=33&tpest=s	estrazione.php?tpel=E&dtel=25/05/2014&ord=5&tpa=I&lev0=0&levsut0=0&lev1=3&levsut1=1&ne1=3&lev2=12&levsut2=2&ne2=12&lev3=33&levsut3=3&ne3=33&tpest=l
LATINA	estrazione.php?tpel=E&dtel=25/05/2014&ord=5&tpa=I&lev0=0&levsut0=0&lev1=3&levsut1=1&ne1=3&lev2=12&levsut2=2&ne2=12&lev3=40&levsut3=3&ne3=40&tpest=s	estrazione.php?tpel=E&dtel=25/05/2014&ord=5&tpa=I&lev0=0&levsut0=0&lev1=3&levsut1=1&ne1=3&lev2=12&levsut2=2&ne2=12&lev3=40&levsut3=3&ne3=40&tpest=l
RIETI	estrazione.php?tpel=E&dtel=25/05/2014&ord=5&tpa=I&lev0=0&levsut0=0&lev1=3&levsut1=1&ne1=3&lev2=12&levsut2=2&ne2=12&lev3=69&levsut3=3&ne3=69&tpest=s	estrazione.php?tpel=E&dtel=25/05/2014&ord=5&tpa=I&lev0=0&levsut0=0&lev1=3&levsut1=1&ne1=3&lev2=12&levsut2=2&ne2=12&lev3=69&levsut3=3&ne3=69&tpest=l
ROMA	estrazione.php?tpel=E&dtel=25/05/2014&ord=5&tpa=I&lev0=0&levsut0=0&lev1=3&levsut1=1&ne1=3&lev2=12&levsut2=2&ne2=12&lev3=70&levsut3=3&ne3=70&tpest=s	estrazione.php?tpel=E&dtel=25/05/2014&ord=5&tpa=I&lev0=0&levsut0=0&lev1=3&levsut1=1&ne1=3&lev2=12&levsut2=2&ne2=12&lev3=70&levsut3=3&ne3=70&tpest=l
VITERBO	estrazione.php?tpel=E&dtel=25/05/2014&ord=5&tpa=I&lev0=0&levsut0=0&lev1=3&levsut1=1&ne1=3&lev2=12&levsut2=2&ne2=12&lev3=91&levsut3=3&ne3=91&tpest=s	estrazione.php?tpel=E&dtel=25/05/2014&ord=5&tpa=I&lev0=0&levsut0=0&lev1=3&levsut1=1&ne1=3&lev2=12&levsut2=2&ne2=12&lev3=91&levsut3=3&ne3=91&tpest=l
CHIETI	estrazione.php?tpel=E&dtel=25/05/2014&ord=5&tpa=I&lev0=0&levsut0=0&lev1=4&levsut1=1&ne1=4&lev2=13&levsut2=2&ne2=13&lev3=23&levsut3=3&ne3=23&tpest=s	estrazione.php?tpel=E&dtel=25/05/2014&ord=5&tpa=I&lev0=0&levsut0=0&lev1=4&levsut1=1&ne1=4&lev2=13&levsut2=2&ne2=13&lev3=23&levsut3=3&ne3=23&tpest=l
L'AQUILA	estrazione.php?tpel=E&dtel=25/05/2014&ord=5&tpa=I&lev0=0&levsut0=0&lev1=4&levsut1=1&ne1=4&lev2=13&levsut2=2&ne2=13&lev3=38&levsut3=3&ne3=38&tpest=s	estrazione.php?tpel=E&dtel=25/05/2014&ord=5&tpa=I&lev0=0&levsut0=0&lev1=4&levsut1=1&ne1=4&lev2=13&levsut2=2&ne2=13&lev3=38&levsut3=3&ne3=38&tpest=l
PESCARA	estrazione.php?tpel=E&dtel=25/05/2014&ord=5&tpa=I&lev0=0&levsut0=0&lev1=4&levsut1=1&ne1=4&lev2=13&levsut2=2&ne2=13&lev3=60&levsut3=3&ne3=60&tpest=s	estrazione.php?tpel=E&dtel=25/05/2014&ord=5&tpa=I&lev0=0&levsut0=0&lev1=4&levsut1=1&ne1=4&lev2=13&levsut2=2&ne2=13&lev3=60&levsut3=3&ne3=60&tpest=l
TERAMO	estrazione.php?tpel=E&dtel=25/05/2014&ord=5&tpa=I&lev0=0&levsut0=0&lev1=4&levsut1=1&ne1=4&lev2=13&levsut2=2&ne2=13&lev3=79&levsut3=3&ne3=79&tpest=s	estrazione.php?tpel=E&dtel=25/05/2014&ord=5&tpa=I&lev0=0&levsut0=0&lev1=4&levsut1=1&ne1=4&lev2=13&levsut2=2&ne2=13&lev3=79&levsut3=3&ne3=79&tpest=l
CAMPOBASSO	estrazione.php?tpel=E&dtel=25/05/2014&ord=5&tpa=I&lev0=0&levsut0=0&lev1=4&levsut1=1&ne1=4&lev2=14&levsut2=2&ne2=14&lev3=19&levsut3=3&ne3=19&tpest=s	estrazione.php?tpel=E&dtel=25/05/2014&ord=5&tpa=I&lev0=0&levsut0=0&lev1=4&levsut1=1&ne1=4&lev2=14&levsut2=2&ne2=14&lev3=19&levsut3=3&ne3=19&tpest=l
ISERNIA	estrazione.php?tpel=E&dtel=25/05/2014&ord=5&tpa=I&lev0=0&levsut0=0&lev1=4&levsut1=1&ne1=4&lev2=14&levsut2=2&ne2=14&lev3=94&levsut3=3&ne3=94&tpest=s	estrazione.php?tpel=E&dtel=25/05/2014&ord=5&tpa=I&lev0=0&levsut0=0&lev1=4&levsut1=1&ne1=4&lev2=14&levsut2=2&ne2=14&lev3=94&levsut3=3&ne3=94&tpest=l
AVELLINO	estrazione.php?tpel=E&dtel=25/05/2014&ord=5&tpa=I&lev0=0&levsut0=0&lev1=4&levsut1=1&ne1=4&lev2=15&levsut2=2&ne2=15&lev3=8&levsut3=3&ne3=8&tpest=s	estrazione.php?tpel=E&dtel=25/05/2014&ord=5&tpa=I&lev0=0&levsut0=0&lev1=4&levsut1=1&ne1=4&lev2=15&levsut2=2&ne2=15&lev3=8&levsut3=3&ne3=8&tpest=l
BENEVENTO	estrazione.php?tpel=E&dtel=25/05/2014&ord=5&tpa=I&lev0=0&levsut0=0&lev1=4&levsut1=1&ne1=4&lev2=15&levsut2=2&ne2=15&lev3=11&levsut3=3&ne3=11&tpest=s	estrazione.php?tpel=E&dtel=25/05/2014&ord=5&tpa=I&lev0=0&levsut0=0&lev1=4&levsut1=1&ne1=4&lev2=15&levsut2=2&ne2=15&lev3=11&levsut3=3&ne3=11&tpest=l
CASERTA	estrazione.php?tpel=E&dtel=25/05/2014&ord=5&tpa=I&lev0=0&levsut0=0&lev1=4&levsut1=1&ne1=4&lev2=15&levsut2=2&ne2=15&lev3=20&levsut3=3&ne3=20&tpest=s	estrazione.php?tpel=E&dtel=25/05/2014&ord=5&tpa=I&lev0=0&levsut0=0&lev1=4&levsut1=1&ne1=4&lev2=15&levsut2=2&ne2=15&lev3=20&levsut3=3&ne3=20&tpest=l
NAPOLI	estrazione.php?tpel=E&dtel=25/05/2014&ord=5&tpa=I&lev0=0&levsut0=0&lev1=4&levsut1=1&ne1=4&lev2=15&levsut2=2&ne2=15&lev3=51&levsut3=3&ne3=51&tpest=s	estrazione.php?tpel=E&dtel=25/05/2014&ord=5&tpa=I&lev0=0&levsut0=0&lev1=4&levsut1=1&ne1=4&lev2=15&levsut2=2&ne2=15&lev3=51&levsut3=3&ne3=51&tpest=l
SALERNO	estrazione.php?tpel=E&dtel=25/05/2014&ord=5&tpa=I&lev0=0&levsut0=0&lev1=4&levsut1=1&ne1=4&lev2=15&levsut2=2&ne2=15&lev3=72&levsut3=3&ne3=72&tpest=s	estrazione.php?tpel=E&dtel=25/05/2014&ord=5&tpa=I&lev0=0&levsut0=0&lev1=4&levsut1=1&ne1=4&lev2=15&levsut2=2&ne2=15&lev3=72&levsut3=3&ne3=72&tpest=l
BARI	estrazione.php?tpel=E&dtel=25/05/2014&ord=5&tpa=I&lev0=0&levsut0=0&lev1=4&levsut1=1&ne1=4&lev2=16&levsut2=2&ne2=16&lev3=9&levsut3=3&ne3=9&tpest=s	estrazione.php?tpel=E&dtel=25/05/2014&ord=5&tpa=I&lev0=0&levsut0=0&lev1=4&levsut1=1&ne1=4&lev2=16&levsut2=2&ne2=16&lev3=9&levsut3=3&ne3=9&tpest=l
BRINDISI	estrazione.php?tpel=E&dtel=25/05/2014&ord=5&tpa=I&lev0=0&levsut0=0&lev1=4&levsut1=1&ne1=4&lev2=16&levsut2=2&ne2=16&lev3=16&levsut3=3&ne3=16&tpest=s	estrazione.php?tpel=E&dtel=25/05/2014&ord=5&tpa=I&lev0=0&levsut0=0&lev1=4&levsut1=1&ne1=4&lev2=16&levsut2=2&ne2=16&lev3=16&levsut3=3&ne3=16&tpest=l
FOGGIA	estrazione.php?tpel=E&dtel=25/05/2014&ord=5&tpa=I&lev0=0&levsut0=0&lev1=4&levsut1=1&ne1=4&lev2=16&levsut2=2&ne2=16&lev3=31&levsut3=3&ne3=31&tpest=s	estrazione.php?tpel=E&dtel=25/05/2014&ord=5&tpa=I&lev0=0&levsut0=0&lev1=4&levsut1=1&ne1=4&lev2=16&levsut2=2&ne2=16&lev3=31&levsut3=3&ne3=31&tpest=l
LECCE	estrazione.php?tpel=E&dtel=25/05/2014&ord=5&tpa=I&lev0=0&levsut0=0&lev1=4&levsut1=1&ne1=4&lev2=16&levsut2=2&ne2=16&lev3=41&levsut3=3&ne3=41&tpest=s	estrazione.php?tpel=E&dtel=25/05/2014&ord=5&tpa=I&lev0=0&levsut0=0&lev1=4&levsut1=1&ne1=4&lev2=16&levsut2=2&ne2=16&lev3=41&levsut3=3&ne3=41&tpest=l
TARANTO	estrazione.php?tpel=E&dtel=25/05/2014&ord=5&tpa=I&lev0=0&levsut0=0&lev1=4&levsut1=1&ne1=4&lev2=16&levsut2=2&ne2=16&lev3=78&levsut3=3&ne3=78&tpest=s	estrazione.php?tpel=E&dtel=25/05/2014&ord=5&tpa=I&lev0=0&levsut0=0&lev1=4&levsut1=1&ne1=4&lev2=16&levsut2=2&ne2=16&lev3=78&levsut3=3&ne3=78&tpest=l
BARLETTA-ANDRIA-TRANI	estrazione.php?tpel=E&dtel=25/05/2014&ord=5&tpa=I&lev0=0&levsut0=0&lev1=4&levsut1=1&ne1=4&lev2=16&levsut2=2&ne2=16&lev3=106&levsut3=3&ne3=106&tpest=s	estrazione.php?tpel=E&dtel=25/05/2014&ord=5&tpa=I&lev0=0&levsut0=0&lev1=4&levsut1=1&ne1=4&lev2=16&levsut2=2&ne2=16&lev3=106&levsut3=3&ne3=106&tpest=l
MATERA	estrazione.php?tpel=E&dtel=25/05/2014&ord=5&tpa=I&lev0=0&levsut0=0&lev1=4&levsut1=1&ne1=4&lev2=17&levsut2=2&ne2=17&lev3=47&levsut3=3&ne3=47&tpest=s	estrazione.php?tpel=E&dtel=25/05/2014&ord=5&tpa=I&lev0=0&levsut0=0&lev1=4&levsut1=1&ne1=4&lev2=17&levsut2=2&ne2=17&lev3=47&levsut3=3&ne3=47&tpest=l
POTENZA	estrazione.php?tpel=E&dtel=25/05/2014&ord=5&tpa=I&lev0=0&levsut0=0&lev1=4&levsut1=1&ne1=4&lev2=17&levsut2=2&ne2=17&lev3=64&levsut3=3&ne3=64&tpest=s	estrazione.php?tpel=E&dtel=25/05/2014&ord=5&tpa=I&lev0=0&levsut0=0&lev1=4&levsut1=1&ne1=4&lev2=17&levsut2=2&ne2=17&lev3=64&levsut3=3&ne3=64&tpest=l
CATANZARO	estrazione.php?tpel=E&dtel=25/05/2014&ord=5&tpa=I&lev0=0&levsut0=0&lev1=4&levsut1=1&ne1=4&lev2=18&levsut2=2&ne2=18&lev3=22&levsut3=3&ne3=22&tpest=s	estrazione.php?tpel=E&dtel=25/05/2014&ord=5&tpa=I&lev0=0&levsut0=0&lev1=4&levsut1=1&ne1=4&lev2=18&levsut2=2&ne2=18&lev3=22&levsut3=3&ne3=22&tpest=l
COSENZA	estrazione.php?tpel=E&dtel=25/05/2014&ord=5&tpa=I&lev0=0&levsut0=0&lev1=4&levsut1=1&ne1=4&lev2=18&levsut2=2&ne2=18&lev3=25&levsut3=3&ne3=25&tpest=s	estrazione.php?tpel=E&dtel=25/05/2014&ord=5&tpa=I&lev0=0&levsut0=0&lev1=4&levsut1=1&ne1=4&lev2=18&levsut2=2&ne2=18&lev3=25&levsut3=3&ne3=25&tpest=l
REGGIO CALABRIA	estrazione.php?tpel=E&dtel=25/05/2014&ord=5&tpa=I&lev0=0&levsut0=0&lev1=4&levsut1=1&ne1=4&lev2=18&levsut2=2&ne2=18&lev3=67&levsut3=3&ne3=67&tpest=s	estrazione.php?tpel=E&dtel=25/05/2014&ord=5&tpa=I&lev0=0&levsut0=0&lev1=4&levsut1=1&ne1=4&lev2=18&levsut2=2&ne2=18&lev3=67&levsut3=3&ne3=67&tpest=l
CROTONE	estrazione.php?tpel=E&dtel=25/05/2014&ord=5&tpa=I&lev0=0&levsut0=0&lev1=4&levsut1=1&ne1=4&lev2=18&levsut2=2&ne2=18&lev3=97&levsut3=3&ne3=97&tpest=s	estrazione.php?tpel=E&dtel=25/05/2014&ord=5&tpa=I&lev0=0&levsut0=0&lev1=4&levsut1=1&ne1=4&lev2=18&levsut2=2&ne2=18&lev3=97&levsut3=3&ne3=97&tpest=l
VIBO VALENTIA	estrazione.php?tpel=E&dtel=25/05/2014&ord=5&tpa=I&lev0=0&levsut0=0&lev1=4&levsut1=1&ne1=4&lev2=18&levsut2=2&ne2=18&lev3=103&levsut3=3&ne3=103&tpest=s	estrazione.php?tpel=E&dtel=25/05/2014&ord=5&tpa=I&lev0=0&levsut0=0&lev1=4&levsut1=1&ne1=4&lev2=18&levsut2=2&ne2=18&lev3=103&levsut3=3&ne3=103&tpest=l
AGRIGENTO	estrazione.php?tpel=E&dtel=25/05/2014&ord=5&tpa=I&lev0=0&levsut0=0&lev1=5&levsut1=1&ne1=5&lev2=19&levsut2=2&ne2=19&lev3=1&levsut3=3&ne3=1&tpest=s	estrazione.php?tpel=E&dtel=25/05/2014&ord=5&tpa=I&lev0=0&levsut0=0&lev1=5&levsut1=1&ne1=5&lev2=19&levsut2=2&ne2=19&lev3=1&levsut3=3&ne3=1&tpest=l
CALTANISSETTA	estrazione.php?tpel=E&dtel=25/05/2014&ord=5&tpa=I&lev0=0&levsut0=0&lev1=5&levsut1=1&ne1=5&lev2=19&levsut2=2&ne2=19&lev3=18&levsut3=3&ne3=18&tpest=s	estrazione.php?tpel=E&dtel=25/05/2014&ord=5&tpa=I&lev0=0&levsut0=0&lev1=5&levsut1=1&ne1=5&lev2=19&levsut2=2&ne2=19&lev3=18&levsut3=3&ne3=18&tpest=l
CATANIA	estrazione.php?tpel=E&dtel=25/05/2014&ord=5&tpa=I&lev0=0&levsut0=0&lev1=5&levsut1=1&ne1=5&lev2=19&levsut2=2&ne2=19&lev3=21&levsut3=3&ne3=21&tpest=s	estrazione.php?tpel=E&dtel=25/05/2014&ord=5&tpa=I&lev0=0&levsut0=0&lev1=5&levsut1=1&ne1=5&lev2=19&levsut2=2&ne2=19&lev3=21&levsut3=3&ne3=21&tpest=l
ENNA	estrazione.php?tpel=E&dtel=25/05/2014&ord=5&tpa=I&lev0=0&levsut0=0&lev1=5&levsut1=1&ne1=5&lev2=19&levsut2=2&ne2=19&lev3=28&levsut3=3&ne3=28&tpest=s	estrazione.php?tpel=E&dtel=25/05/2014&ord=5&tpa=I&lev0=0&levsut0=0&lev1=5&levsut1=1&ne1=5&lev2=19&levsut2=2&ne2=19&lev3=28&levsut3=3&ne3=28&tpest=l
MESSINA	estrazione.php?tpel=E&dtel=25/05/2014&ord=5&tpa=I&lev0=0&levsut0=0&lev1=5&levsut1=1&ne1=5&lev2=19&levsut2=2&ne2=19&lev3=48&levsut3=3&ne3=48&tpest=s	estrazione.php?tpel=E&dtel=25/05/2014&ord=5&tpa=I&lev0=0&levsut0=0&lev1=5&levsut1=1&ne1=5&lev2=19&levsut2=2&ne2=19&lev3=48&levsut3=3&ne3=48&tpest=l
PALERMO	estrazione.php?tpel=E&dtel=25/05/2014&ord=5&tpa=I&lev0=0&levsut0=0&lev1=5&levsut1=1&ne1=5&lev2=19&levsut2=2&ne2=19&lev3=55&levsut3=3&ne3=55&tpest=s	estrazione.php?tpel=E&dtel=25/05/2014&ord=5&tpa=I&lev0=0&levsut0=0&lev1=5&levsut1=1&ne1=5&lev2=19&levsut2=2&ne2=19&lev3=55&levsut3=3&ne3=55&tpest=l
RAGUSA	estrazione.php?tpel=E&dtel=25/05/2014&ord=5&tpa=I&lev0=0&levsut0=0&lev1=5&levsut1=1&ne1=5&lev2=19&levsut2=2&ne2=19&lev3=65&levsut3=3&ne3=65&tpest=s	estrazione.php?tpel=E&dtel=25/05/2014&ord=5&tpa=I&lev0=0&levsut0=0&lev1=5&levsut1=1&ne1=5&lev2=19&levsut2=2&ne2=19&lev3=65&levsut3=3&ne3=65&tpest=l
SIRACUSA	estrazione.php?tpel=E&dtel=25/05/2014&ord=5&tpa=I&lev0=0&levsut0=0&lev1=5&levsut1=1&ne1=5&lev2=19&levsut2=2&ne2=19&lev3=76&levsut3=3&ne3=76&tpest=s	estrazione.php?tpel=E&dtel=25/05/2014&ord=5&tpa=I&lev0=0&levsut0=0&lev1=5&levsut1=1&ne1=5&lev2=19&levsut2=2&ne2=19&lev3=76&levsut3=3&ne3=76&tpest=l
TRAPANI	estrazione.php?tpel=E&dtel=25/05/2014&ord=5&tpa=I&lev0=0&levsut0=0&lev1=5&levsut1=1&ne1=5&lev2=19&levsut2=2&ne2=19&lev3=82&levsut3=3&ne3=82&tpest=s	estrazione.php?tpel=E&dtel=25/05/2014&ord=5&tpa=I&lev0=0&levsut0=0&lev1=5&levsut1=1&ne1=5&lev2=19&levsut2=2&ne2=19&lev3=82&levsut3=3&ne3=82&tpest=l
CAGLIARI	estrazione.php?tpel=E&dtel=25/05/2014&ord=5&tpa=I&lev0=0&levsut0=0&lev1=5&levsut1=1&ne1=5&lev2=20&levsut2=2&ne2=20&lev3=17&levsut3=3&ne3=17&tpest=s	estrazione.php?tpel=E&dtel=25/05/2014&ord=5&tpa=I&lev0=0&levsut0=0&lev1=5&levsut1=1&ne1=5&lev2=20&levsut2=2&ne2=20&lev3=17&levsut3=3&ne3=17&tpest=l
NUORO	estrazione.php?tpel=E&dtel=25/05/2014&ord=5&tpa=I&lev0=0&levsut0=0&lev1=5&levsut1=1&ne1=5&lev2=20&levsut2=2&ne2=20&lev3=53&levsut3=3&ne3=53&tpest=s	estrazione.php?tpel=E&dtel=25/05/2014&ord=5&tpa=I&lev0=0&levsut0=0&lev1=5&levsut1=1&ne1=5&lev2=20&levsut2=2&ne2=20&lev3=53&levsut3=3&ne3=53&tpest=l
SASSARI	estrazione.php?tpel=E&dtel=25/05/2014&ord=5&tpa=I&lev0=0&levsut0=0&lev1=5&levsut1=1&ne1=5&lev2=20&levsut2=2&ne2=20&lev3=73&levsut3=3&ne3=73&tpest=s	estrazione.php?tpel=E&dtel=25/05/2014&ord=5&tpa=I&lev0=0&levsut0=0&lev1=5&levsut1=1&ne1=5&lev2=20&levsut2=2&ne2=20&lev3=73&levsut3=3&ne3=73&tpest=l
ORISTANO	estrazione.php?tpel=E&dtel=25/05/2014&ord=5&tpa=I&lev0=0&levsut0=0&lev1=5&levsut1=1&ne1=5&lev2=20&levsut2=2&ne2=20&lev3=95&levsut3=3&ne3=95&tpest=s	estrazione.php?tpel=E&dtel=25/05/2014&ord=5&tpa=I&lev0=0&levsut0=0&lev1=5&levsut1=1&ne1=5&lev2=20&levsut2=2&ne2=20&lev3=95&levsut3=3&ne3=95&tpest=l
CARBONIA-IGLESIAS	estrazione.php?tpel=E&dtel=25/05/2014&ord=5&tpa=I&lev0=0&levsut0=0&lev1=5&levsut1=1&ne1=5&lev2=20&levsut2=2&ne2=20&lev3=107&levsut3=3&ne3=107&tpest=s	estrazione.php?tpel=E&dtel=25/05/2014&ord=5&tpa=I&lev0=0&levsut0=0&lev1=5&levsut1=1&ne1=5&lev2=20&levsut2=2&ne2=20&lev3=107&levsut3=3&ne3=107&tpest=l
MEDIO CAMPIDANO	estrazione.php?tpel=E&dtel=25/05/2014&ord=5&tpa=I&lev0=0&levsut0=0&lev1=5&levsut1=1&ne1=5&lev2=20&levsut2=2&ne2=20&lev3=108&levsut3=3&ne3=108&tpest=s	estrazione.php?tpel=E&dtel=25/05/2014&ord=5&tpa=I&lev0=0&levsut0=0&lev1=5&levsut1=1&ne1=5&lev2=20&levsut2=2&ne2=20&lev3=108&levsut3=3&ne3=108&tpest=l
OGLIASTRA	estrazione.php?tpel=E&dtel=25/05/2014&ord=5&tpa=I&lev0=0&levsut0=0&lev1=5&levsut1=1&ne1=5&lev2=20&levsut2=2&ne2=20&lev3=109&levsut3=3&ne3=109&tpest=s	estrazione.php?tpel=E&dtel=25/05/2014&ord=5&tpa=I&lev0=0&levsut0=0&lev1=5&levsut1=1&ne1=5&lev2=20&levsut2=2&ne2=20&lev3=109&levsut3=3&ne3=109&tpest=l
OLBIA-TEMPIO	estrazione.php?tpel=E&dtel=25/05/2014&ord=5&tpa=I&lev0=0&levsut0=0&lev1=5&levsut1=1&ne1=5&lev2=20&levsut2=2&ne2=20&lev3=110&levsut3=3&ne3=110&tpest=s	estrazione.php?tpel=E&dtel=25/05/2014&ord=5&tpa=I&lev0=0&levsut0=0&lev1=5&levsut1=1&ne1=5&lev2=20&levsut2=2&ne2=20&lev3=110&levsut3=3&ne3=110&tpest=l
